{"cameraMode":{"drawMode":0,"name":"Shaded","section":"Shading Mode"},"sceneLighting":false,"audioPlay":false,"sceneViewState":{"m_AlwaysRefresh":false,"showFog":true,"showSkybox":false,"showFlares":true,"showImageEffects":true,"showParticleSystems":true,"showVisualEffectGraphs":true,"m_FxEnabled":true},"in2DMode":false,"pivot":{"x":-2.857257604598999,"y":1.8453291654586793,"z":0.2806222438812256},"rotation":{"x":0.2754412889480591,"y":0.015825970098376275,"z":-0.004540553316473961,"w":0.9611875414848328},"size":2.9366378784179689,"orthographic":false}