{"cameraMode":{"drawMode":0,"name":"Shaded","section":"Shading Mode"},"sceneLighting":true,"audioPlay":false,"sceneViewState":{"m_AlwaysRefresh":false,"showFog":true,"showSkybox":true,"showFlares":true,"showImageEffects":true,"showParticleSystems":true,"showVisualEffectGraphs":true,"m_FxEnabled":false},"in2DMode":false,"pivot":{"x":0.03129257634282112,"y":18.27877426147461,"z":-18.30534553527832},"rotation":{"x":-0.41320914030075076,"y":-0.0068042282946407799,"z":0.0030758425127714874,"w":-0.9106330275535584},"size":1.1901278495788575,"orthographic":false}