{"cameraMode":{"drawMode":0,"name":"Shaded","section":"Shading Mode"},"sceneLighting":false,"audioPlay":false,"sceneViewState":{"m_AlwaysRefresh":false,"showFog":true,"showSkybox":false,"showFlares":true,"showImageEffects":true,"showParticleSystems":true,"showVisualEffectGraphs":true,"m_FxEnabled":true},"in2DMode":false,"pivot":{"x":-0.04431658983230591,"y":0.5936038494110107,"z":-0.8825546503067017},"rotation":{"x":0.2391473799943924,"y":-0.3226677179336548,"z":0.08462151885032654,"w":0.9118871688842773},"size":0.849575400352478,"orthographic":false}