{"cameraMode":{"drawMode":0,"name":"Shaded","section":"Shading Mode"},"sceneLighting":false,"audioPlay":false,"sceneViewState":{"m_AlwaysRefresh":false,"showFog":true,"showSkybox":false,"showFlares":true,"showImageEffects":true,"showParticleSystems":true,"showVisualEffectGraphs":true,"m_FxEnabled":true},"in2DMode":false,"pivot":{"x":2.7867207527160646,"y":2.752976179122925,"z":-1.1022334098815919},"rotation":{"x":-0.005623734090477228,"y":-0.9845104813575745,"z":-0.032000262290239337,"w":0.17241711914539338},"size":3.80966854095459,"orthographic":false}